[
  {
    "model": "eshop.pagesection",
    "pk": 1,
    "fields": {
      "title": "\u5168\u90e8\u5546\u54c1\u5206\u7c7b",
      "page": "ESHOP_HOME",
      "anchor": "category_nav",
      "icon": "<i class=\"iconfont icon-shangpinfenlei\"></i>",
      "href": "",
      "order_no": null,
      "is_display": true,
      "parent": null
    }
  },
  {
    "model": "eshop.pagesection",
    "pk": 2,
    "fields": {
      "title": "\u4e3b\u5bfc\u822a",
      "page": "ESHOP_HOME",
      "anchor": "main_nav",
      "icon": "",
      "href": "",
      "order_no": null,
      "is_display": true,
      "parent": null
    }
  },
  {
    "model": "eshop.pagesection",
    "pk": 3,
    "fields": {
      "title": "\u4e3b\u8f6e\u64ad\u56fe",
      "page": "ESHOP_HOME",
      "anchor": "main_carousel",
      "icon": "",
      "href": "",
      "order_no": null,
      "is_display": true,
      "parent": null
    }
  },
  {
    "model": "eshop.pagesection",
    "pk": 4,
    "fields": {
      "title": "\u5546\u54c1\u6807\u7b7e\u9875",
      "page": "ESHOP_HOME",
      "anchor": "good_tabs",
      "icon": "",
      "href": "",
      "order_no": null,
      "is_display": true,
      "parent": null
    }
  },
  {
    "model": "eshop.pagesection",
    "pk": 5,
    "fields": {
      "title": "\u5546\u54c1\u5217\u8868",
      "page": "ESHOP_HOME",
      "anchor": "good_list",
      "icon": "",
      "href": "",
      "order_no": null,
      "is_display": true,
      "parent": null
    }
  },
  {
    "model": "eshop.pagesection",
    "pk": 6,
    "fields": {
      "title": "<\u9875\u811a>\u5e73\u53f0\u63a8\u5e7f\u56fe",
      "page": "ESHOP_HOME",
      "anchor": "foot_ads",
      "icon": "",
      "href": "",
      "order_no": null,
      "is_display": true,
      "parent": null
    }
  },
  {
    "model": "eshop.pagesection",
    "pk": 7,
    "fields": {
      "title": "<\u9875\u811a>\u5e2e\u52a9\u5bfc\u822a",
      "page": "ESHOP_HOME",
      "anchor": "foot_help_nav",
      "icon": "",
      "href": "",
      "order_no": null,
      "is_display": true,
      "parent": null
    }
  },
  {
    "model": "eshop.pagesection",
    "pk": 8,
    "fields": {
      "title": "<\u9875\u811a>\u5173\u4e8e\u6211\u4eec",
      "page": "ESHOP_HOME",
      "anchor": "foot_about_us",
      "icon": "",
      "href": "",
      "order_no": null,
      "is_display": true,
      "parent": null
    }
  },
  {
    "model": "eshop.pagesection",
    "pk": 9,
    "fields": {
      "title": "\u4e2d\u836f",
      "page": "ESHOP_HOME",
      "anchor": "",
      "icon": "",
      "href": "",
      "order_no": 1,
      "is_display": true,
      "parent": 1
    }
  },
  {
    "model": "eshop.pagesection",
    "pk": 10,
    "fields": {
      "title": "\u897f\u836f",
      "page": "ESHOP_HOME",
      "anchor": "",
      "icon": "",
      "href": "",
      "order_no": 2,
      "is_display": true,
      "parent": 1
    }
  },
  {
    "model": "eshop.pagesection",
    "pk": 11,
    "fields": {
      "title": "\u533b\u7597\u5668\u68b0",
      "page": "ESHOP_HOME",
      "anchor": "",
      "icon": "",
      "href": "",
      "order_no": 3,
      "is_display": true,
      "parent": 1
    }
  },
  {
    "model": "eshop.pagesection",
    "pk": 12,
    "fields": {
      "title": "\u8ba1\u751f\u7528\u54c1",
      "page": "ESHOP_HOME",
      "anchor": "",
      "icon": "",
      "href": "",
      "order_no": 4,
      "is_display": true,
      "parent": 1
    }
  },
  {
    "model": "eshop.pagesection",
    "pk": 13,
    "fields": {
      "title": "\u4fdd\u5065\u54c1",
      "page": "ESHOP_HOME",
      "anchor": "",
      "icon": "",
      "href": "",
      "order_no": 5,
      "is_display": true,
      "parent": 1
    }
  },
  {
    "model": "eshop.pagesection",
    "pk": 14,
    "fields": {
      "title": "\u8fdb\u53e3\u836f\u54c1",
      "page": "ESHOP_HOME",
      "anchor": "",
      "icon": "",
      "href": "",
      "order_no": 6,
      "is_display": true,
      "parent": 1
    }
  },
  {
    "model": "eshop.pagesection",
    "pk": 15,
    "fields": {
      "title": "\u5176\u4ed6",
      "page": "ESHOP_HOME",
      "anchor": "",
      "icon": "",
      "href": "",
      "order_no": 7,
      "is_display": true,
      "parent": 1
    }
  },
  {
    "model": "eshop.pagesection",
    "pk": 16,
    "fields": {
      "title": "\u63a8\u8350\u54c1\u79cd",
      "page": "ESHOP_HOME",
      "anchor": "",
      "icon": "",
      "href": "",
      "order_no": 1,
      "is_display": true,
      "parent": 4
    }
  },
  {
    "model": "eshop.pagesection",
    "pk": 17,
    "fields": {
      "title": "\u70ed\u5356\u5546\u54c1",
      "page": "ESHOP_HOME",
      "anchor": "",
      "icon": "",
      "href": "",
      "order_no": 2,
      "is_display": true,
      "parent": 4
    }
  },
  {
    "model": "eshop.pagesection",
    "pk": 18,
    "fields": {
      "title": "\u4e2d\u836f",
      "page": "ESHOP_HOME",
      "anchor": "good_list_zy",
      "icon": "",
      "href": "",
      "order_no": 1,
      "is_display": true,
      "parent": 5
    }
  },
  {
    "model": "eshop.pagesection",
    "pk": 19,
    "fields": {
      "title": "\u897f\u836f",
      "page": "ESHOP_HOME",
      "anchor": "good_list_xy",
      "icon": "",
      "href": "",
      "order_no": 2,
      "is_display": true,
      "parent": 5
    }
  },
  {
    "model": "eshop.pagesection",
    "pk": 20,
    "fields": {
      "title": "\u533b\u7597\u5668\u68b0",
      "page": "ESHOP_HOME",
      "anchor": "good_list_ylqx",
      "icon": "",
      "href": "",
      "order_no": 3,
      "is_display": true,
      "parent": 5
    }
  },
  {
    "model": "eshop.pagesection",
    "pk": 21,
    "fields": {
      "title": "\u8ba1\u751f\u7528\u54c1",
      "page": "ESHOP_HOME",
      "anchor": "good_list_jsyp",
      "icon": "",
      "href": "",
      "order_no": 4,
      "is_display": true,
      "parent": 5
    }
  },
  {
    "model": "eshop.pagesection",
    "pk": 22,
    "fields": {
      "title": "\u5176\u4ed6\u7528\u54c1",
      "page": "ESHOP_HOME",
      "anchor": "good_list_qtyp",
      "icon": "",
      "href": "",
      "order_no": 5,
      "is_display": true,
      "parent": 5
    }
  },
  {
    "model": "eshop.pagesection",
    "pk": 23,
    "fields": {
      "title": "\u65b0\u624b\u5165\u95e8",
      "page": "ESHOP_HOME",
      "anchor": "",
      "icon": "",
      "href": "",
      "order_no": 1,
      "is_display": true,
      "parent": 7
    }
  },
  {
    "model": "eshop.pagesection",
    "pk": 24,
    "fields": {
      "title": "\u91c7\u8d2d\u6307\u5357",
      "page": "ESHOP_HOME",
      "anchor": "",
      "icon": "",
      "href": "",
      "order_no": 2,
      "is_display": true,
      "parent": 7
    }
  },
  {
    "model": "eshop.pagesection",
    "pk": 25,
    "fields": {
      "title": "\u914d\u9001\u670d\u52a1",
      "page": "ESHOP_HOME",
      "anchor": "",
      "icon": "",
      "href": "",
      "order_no": 3,
      "is_display": true,
      "parent": 7
    }
  },
  {
    "model": "eshop.pagesection",
    "pk": 26,
    "fields": {
      "title": "\u552e\u540e\u670d\u52a1",
      "page": "ESHOP_HOME",
      "anchor": "",
      "icon": "",
      "href": "",
      "order_no": 4,
      "is_display": true,
      "parent": 7
    }
  },
  {
    "model": "eshop.sectionimage",
    "pk": 2,
    "fields": {
      "section": 18,
      "image": "\u9875\u9762\u533a\u57df/\u5546\u57ce\u9996\u9875/\u4e2d\u836f #good_list_zy/big.png",
      "href": "",
      "alt": "",
      "order_no": 1
    }
  },
  {
    "model": "eshop.sectionimage",
    "pk": 3,
    "fields": {
      "section": 19,
      "image": "\u9875\u9762\u533a\u57df/\u5546\u57ce\u9996\u9875/\u897f\u836f #good_list_xy/big.png",
      "href": "",
      "alt": "",
      "order_no": 1
    }
  },
  {
    "model": "eshop.sectionimage",
    "pk": 4,
    "fields": {
      "section": 20,
      "image": "\u9875\u9762\u533a\u57df/\u5546\u57ce\u9996\u9875/\u533b\u7597\u5668\u68b0 #good_list_ylqx/big.png",
      "href": "",
      "alt": "",
      "order_no": 1
    }
  },
  {
    "model": "eshop.sectionimage",
    "pk": 5,
    "fields": {
      "section": 21,
      "image": "\u9875\u9762\u533a\u57df/\u5546\u57ce\u9996\u9875/\u8ba1\u751f\u7528\u54c1 #good_list_jsyp/big.png",
      "href": "",
      "alt": "",
      "order_no": 1
    }
  },
  {
    "model": "eshop.sectionimage",
    "pk": 6,
    "fields": {
      "section": 22,
      "image": "\u9875\u9762\u533a\u57df/\u5546\u57ce\u9996\u9875/\u5176\u4ed6\u7528\u54c1 #good_list_qtyp/big.png",
      "href": "",
      "alt": "",
      "order_no": 1
    }
  },
  {
    "model": "eshop.sectionhref",
    "pk": 1,
    "fields": {
      "section": 9,
      "text": "\u4e2d\u6210\u836f",
      "href": "",
      "order_no": 1
    }
  },
  {
    "model": "eshop.sectionhref",
    "pk": 2,
    "fields": {
      "section": 9,
      "text": "\u4e2d\u836f\u996e\u7247",
      "href": "",
      "order_no": 2
    }
  },
  {
    "model": "eshop.sectionhref",
    "pk": 3,
    "fields": {
      "section": 9,
      "text": "\u4e2d\u836f\u6750",
      "href": "",
      "order_no": 3
    }
  },
  {
    "model": "eshop.sectionhref",
    "pk": 4,
    "fields": {
      "section": 10,
      "text": "\u6297\u751f\u7d20",
      "href": "",
      "order_no": 1
    }
  },
  {
    "model": "eshop.sectionhref",
    "pk": 5,
    "fields": {
      "section": 10,
      "text": "\u80bd\u7c7b\u6fc0\u7d20",
      "href": "",
      "order_no": 2
    }
  },
  {
    "model": "eshop.sectionhref",
    "pk": 6,
    "fields": {
      "section": 10,
      "text": "\u5316\u5b66\u539f\u6599\u836f",
      "href": "",
      "order_no": 3
    }
  },
  {
    "model": "eshop.sectionhref",
    "pk": 7,
    "fields": {
      "section": 11,
      "text": "I\u7c7b",
      "href": "",
      "order_no": 1
    }
  },
  {
    "model": "eshop.sectionhref",
    "pk": 8,
    "fields": {
      "section": 11,
      "text": "II\u7c7b",
      "href": "",
      "order_no": 2
    }
  },
  {
    "model": "eshop.sectionhref",
    "pk": 9,
    "fields": {
      "section": 11,
      "text": "III\u7c7b",
      "href": "",
      "order_no": 3
    }
  },
  {
    "model": "eshop.sectionhref",
    "pk": 10,
    "fields": {
      "section": 12,
      "text": "\u7ec8\u6b62\u598a\u5a20\u836f\u54c1",
      "href": "",
      "order_no": 1
    }
  },
  {
    "model": "eshop.sectionhref",
    "pk": 11,
    "fields": {
      "section": 12,
      "text": "\u5176\u4ed6\u8ba1\u751f\u836f\u54c1",
      "href": "",
      "order_no": 2
    }
  },
  {
    "model": "eshop.sectionhref",
    "pk": 12,
    "fields": {
      "section": 13,
      "text": "\u4fdd\u5065\u836f\u54c1",
      "href": "",
      "order_no": 1
    }
  },
  {
    "model": "eshop.sectionhref",
    "pk": 13,
    "fields": {
      "section": 13,
      "text": "\u4fdd\u5065\u98df\u54c1",
      "href": "",
      "order_no": 2
    }
  },
  {
    "model": "eshop.sectionhref",
    "pk": 14,
    "fields": {
      "section": 14,
      "text": "\u8fdb\u53e3\u836f\u54c1",
      "href": "",
      "order_no": 1
    }
  },
  {
    "model": "eshop.sectionhref",
    "pk": 15,
    "fields": {
      "section": 14,
      "text": "\u8fdb\u53e3\u8ba1\u751f",
      "href": "",
      "order_no": 2
    }
  },
  {
    "model": "eshop.sectionhref",
    "pk": 16,
    "fields": {
      "section": 15,
      "text": "\u6d88\u6bd2\u7528\u54c1",
      "href": "",
      "order_no": 1
    }
  },
  {
    "model": "eshop.sectionhref",
    "pk": 17,
    "fields": {
      "section": 15,
      "text": "\u65e5\u5316\u7528\u54c1",
      "href": "",
      "order_no": 2
    }
  },
  {
    "model": "eshop.sectionhref",
    "pk": 18,
    "fields": {
      "section": 15,
      "text": "\u975e\u836f\u54c1",
      "href": "",
      "order_no": 3
    }
  },
  {
    "model": "eshop.sectionhref",
    "pk": 19,
    "fields": {
      "section": 18,
      "text": "\u4e2d\u6210\u836f",
      "href": "",
      "order_no": 1
    }
  },
  {
    "model": "eshop.sectionhref",
    "pk": 20,
    "fields": {
      "section": 18,
      "text": "\u4e2d\u836f\u6750",
      "href": "",
      "order_no": 1
    }
  },
  {
    "model": "eshop.sectionhref",
    "pk": 21,
    "fields": {
      "section": 18,
      "text": "\u4e2d\u836f\u6750",
      "href": "",
      "order_no": 2
    }
  },
  {
    "model": "eshop.sectionhref",
    "pk": 22,
    "fields": {
      "section": 18,
      "text": "\u4e2d\u836f\u996e\u7247",
      "href": "",
      "order_no": 3
    }
  },
  {
    "model": "eshop.sectionhref",
    "pk": 23,
    "fields": {
      "section": 19,
      "text": "\u86cb\u767d\u540c\u5316\u5236\u5242",
      "href": "",
      "order_no": 1
    }
  },
  {
    "model": "eshop.sectionhref",
    "pk": 24,
    "fields": {
      "section": 19,
      "text": "\u80bd\u7c7b\u6fc0\u7d20",
      "href": "",
      "order_no": 2
    }
  },
  {
    "model": "eshop.sectionhref",
    "pk": 25,
    "fields": {
      "section": 19,
      "text": "\u6297\u751f\u7d20",
      "href": "",
      "order_no": 3
    }
  },
  {
    "model": "eshop.sectionhref",
    "pk": 26,
    "fields": {
      "section": 19,
      "text": "\u751f\u5316\u836f\u54c1",
      "href": "",
      "order_no": 4
    }
  },
  {
    "model": "eshop.sectionhref",
    "pk": 27,
    "fields": {
      "section": 19,
      "text": "\u751f\u7269\u5236\u54c1",
      "href": "",
      "order_no": 5
    }
  },
  {
    "model": "eshop.sectionhref",
    "pk": 28,
    "fields": {
      "section": 19,
      "text": "\u6297\u751f\u7d20\u5236\u5242",
      "href": "",
      "order_no": 6
    }
  },
  {
    "model": "eshop.sectionhref",
    "pk": 29,
    "fields": {
      "section": 19,
      "text": "\u653e\u5c04\u6027\u836f\u54c1",
      "href": "",
      "order_no": 7
    }
  },
  {
    "model": "eshop.sectionhref",
    "pk": 30,
    "fields": {
      "section": 19,
      "text": "\u7279\u6b8a\u590d\u65b9\u5236\u5242",
      "href": "",
      "order_no": 8
    }
  },
  {
    "model": "eshop.sectionhref",
    "pk": 31,
    "fields": {
      "section": 19,
      "text": "\u9ebb\u9189\u836f\u54c1",
      "href": "",
      "order_no": 9
    }
  },
  {
    "model": "eshop.sectionhref",
    "pk": 32,
    "fields": {
      "section": 19,
      "text": "\u5316\u5b66\u539f\u6599\u836f",
      "href": "",
      "order_no": 10
    }
  },
  {
    "model": "eshop.sectionhref",
    "pk": 33,
    "fields": {
      "section": 19,
      "text": "\u4e8c\u7c7b\u7cbe\u795e",
      "href": "",
      "order_no": 11
    }
  },
  {
    "model": "eshop.sectionhref",
    "pk": 34,
    "fields": {
      "section": 19,
      "text": "\u5316\u5b66\u836f\u5236\u5242",
      "href": "",
      "order_no": 12
    }
  },
  {
    "model": "eshop.sectionhref",
    "pk": 35,
    "fields": {
      "section": 19,
      "text": "\u5176\u4ed6\u897f\u836f",
      "href": "",
      "order_no": 13
    }
  },
  {
    "model": "eshop.sectionhref",
    "pk": 36,
    "fields": {
      "section": 20,
      "text": "\u6ce8\u5c04\u5242",
      "href": "",
      "order_no": 1
    }
  },
  {
    "model": "eshop.sectionhref",
    "pk": 37,
    "fields": {
      "section": 20,
      "text": "I\u7c7b\u533b\u7597\u5668\u68b0",
      "href": "",
      "order_no": 2
    }
  },
  {
    "model": "eshop.sectionhref",
    "pk": 38,
    "fields": {
      "section": 20,
      "text": "II\u7c7b\u533b\u7597\u5668\u68b0",
      "href": "",
      "order_no": 3
    }
  },
  {
    "model": "eshop.sectionhref",
    "pk": 39,
    "fields": {
      "section": 20,
      "text": "III\u7c7b\u533b\u7597\u5668\u68b0",
      "href": "",
      "order_no": 4
    }
  },
  {
    "model": "eshop.sectionhref",
    "pk": 40,
    "fields": {
      "section": 20,
      "text": "\u533b\u7597\u5668\u68b0",
      "href": "",
      "order_no": 5
    }
  },
  {
    "model": "eshop.sectionhref",
    "pk": 41,
    "fields": {
      "section": 21,
      "text": "\u7ec8\u6b62\u598a\u5a20\u836f\u54c1",
      "href": "",
      "order_no": 1
    }
  },
  {
    "model": "eshop.sectionhref",
    "pk": 42,
    "fields": {
      "section": 21,
      "text": "\u5176\u4ed6\u8ba1\u751f\u836f\u54c1",
      "href": "",
      "order_no": 2
    }
  },
  {
    "model": "eshop.sectionhref",
    "pk": 43,
    "fields": {
      "section": 22,
      "text": "\u6d88\u6bd2\u7528\u54c1",
      "href": "",
      "order_no": 1
    }
  },
  {
    "model": "eshop.sectionhref",
    "pk": 44,
    "fields": {
      "section": 22,
      "text": "\u975e\u836f\u54c1",
      "href": "",
      "order_no": 2
    }
  },
  {
    "model": "eshop.sectionhref",
    "pk": 45,
    "fields": {
      "section": 22,
      "text": "\u4fdd\u5065\u54c1",
      "href": "",
      "order_no": 3
    }
  },
  {
    "model": "eshop.sectionhref",
    "pk": 46,
    "fields": {
      "section": 22,
      "text": "\u8fdb\u53e3\u836f\u54c1",
      "href": "",
      "order_no": 4
    }
  },
  {
    "model": "eshop.sectionhref",
    "pk": 47,
    "fields": {
      "section": 23,
      "text": "\u4f1a\u5458\u6ce8\u518c",
      "href": "",
      "order_no": 1
    }
  },
  {
    "model": "eshop.sectionhref",
    "pk": 48,
    "fields": {
      "section": 23,
      "text": "\u627e\u56de\u5bc6\u7801",
      "href": "",
      "order_no": 2
    }
  },
  {
    "model": "eshop.sectionhref",
    "pk": 49,
    "fields": {
      "section": 23,
      "text": "\u5e38\u89c1\u95ee\u9898",
      "href": "",
      "order_no": 3
    }
  },
  {
    "model": "eshop.sectionhref",
    "pk": 50,
    "fields": {
      "section": 24,
      "text": "\u8d2d\u4e70\u6d41\u7a0b",
      "href": "",
      "order_no": 1
    }
  },
  {
    "model": "eshop.sectionhref",
    "pk": 51,
    "fields": {
      "section": 24,
      "text": "\u9690\u79c1\u7533\u660e",
      "href": "",
      "order_no": 2
    }
  },
  {
    "model": "eshop.sectionhref",
    "pk": 52,
    "fields": {
      "section": 24,
      "text": "\u670d\u52a1\u534f\u8bae",
      "href": "",
      "order_no": 3
    }
  },
  {
    "model": "eshop.sectionhref",
    "pk": 53,
    "fields": {
      "section": 25,
      "text": "\u59d4\u6258\u914d\u9001",
      "href": "",
      "order_no": 1
    }
  },
  {
    "model": "eshop.sectionhref",
    "pk": 54,
    "fields": {
      "section": 25,
      "text": "\u5ba2\u6237\u81ea\u63d0",
      "href": "",
      "order_no": 2
    }
  },
  {
    "model": "eshop.sectionhref",
    "pk": 55,
    "fields": {
      "section": 25,
      "text": "\u914d\u9001\u8bf4\u660e",
      "href": "",
      "order_no": 3
    }
  },
  {
    "model": "eshop.sectionhref",
    "pk": 56,
    "fields": {
      "section": 26,
      "text": "\u6295\u8bc9\u5efa\u8bae",
      "href": "",
      "order_no": 1
    }
  },
  {
    "model": "eshop.sectionhref",
    "pk": 57,
    "fields": {
      "section": 26,
      "text": "\u9000\u6362\u8d27\u6d41\u7a0b",
      "href": "",
      "order_no": 2
    }
  },
  {
    "model": "eshop.sectionhref",
    "pk": 58,
    "fields": {
      "section": 26,
      "text": "\u9000\u6362\u8d27\u653f\u7b56",
      "href": "",
      "order_no": 3
    }
  },
  {
    "model": "eshop.sectionhref",
    "pk": 59,
    "fields": {
      "section": 2,
      "text": "\u9996\u9875",
      "href": "http://www.baidu.com",
      "order_no": 1
    }
  },
  {
    "model": "eshop.sectionhref",
    "pk": 60,
    "fields": {
      "section": 2,
      "text": "\u70ed\u9500\u5546\u54c1",
      "href": "",
      "order_no": 2
    }
  },
  {
    "model": "eshop.sectionhref",
    "pk": 61,
    "fields": {
      "section": 2,
      "text": "\u533b\u836f\u54a8\u8be2",
      "href": "",
      "order_no": 3
    }
  },
  {
    "model": "eshop.sectionhref",
    "pk": 62,
    "fields": {
      "section": 2,
      "text": "\u5feb\u901f\u4e0b\u5355",
      "href": "",
      "order_no": 4
    }
  },
  {
    "model": "eshop.sectionhref",
    "pk": 63,
    "fields": {
      "section": 2,
      "text": "\u4f9b\u5e94\u62db\u5546",
      "href": "",
      "order_no": 5
    }
  }
]